book_id, book_link
79, https://www.amazon.ca/Constants-Nature-Omega-Numbers-Universe/dp/0375422218/
23, https://www.amazon.ca/Macbeth-William-Shakespeare/dp/1904271413/
77, https://www.amazon.ca/Provost-John-Galt/dp/0368291812/
24, https://www.amazon.ca/Ulysses-James-Joyce/dp/1840226358/
33, https://www.amazon.ca/New-Hackers-Dictionary-Eric-Raymond/dp/0262680920/
78, https://www.amazon.ca/Understanding-Probability-Chance-Rules-Everyday/dp/0521833299/
332, https://www.amazon.ca/English-Utilitarians-II-James-Mill/dp/1530261147/
81, https://www.amazon.ca/Anna-Karenina-Leo-Tolstoy/dp/0553213466/
80, https://www.amazon.ca/Prospero-Burns-Dan-Abnett/dp/1849708223/
331, https://www.amazon.ca/Proposed-Roads-Freedom-Bertrand-Russell/dp/1986996174/
384, https://www.amazon.ca/Divergences-chronicles-Brothers-Hawks-Ultimate/dp/1794197311/
34, https://www.amazon.ca/Alcibiades-I-Plato/dp/1475131062/
64, https://www.amazon.ca/Plato-Complete-Works/dp/0872203492/
65, https://www.amazon.ca/Charmides-translation-Platos-dialogue-temperance/dp/1521181217/
386, https://www.amazon.ca/HALO-Thursday-Book-Kilo-Five-Trilogy/dp/1982111798/
40, https://www.amazon.ca/Platos-Apology-Socrates-Crito-Phaedo/dp/1295322730/
387, https://www.amazon.ca/HALO-Mortal-Dictata-Kilo-Five-Trilogy/dp/1982111852/
42, https://www.amazon.ca/Voyage-Dawn-Treader-C-Lewis/dp/0064471071/
43, https://www.amazon.ca/Prince-Caspian-C-S-Lewis/dp/0064471055/
385, https://www.amazon.ca/Death-Cure-Maze-Runner-Three/dp/0385738781/
61, https://www.amazon.ca/Socrates-Sophists-Protagoras-Euthydemus-Cratylus/dp/1585103624/
66, https://www.amazon.ca/Platos-Apology-Socrates-Crito-Phaedo/dp/1295322730/
67, https://www.amazon.ca/Plato-Apology-Socrates-Xenophon/dp/0521145821/
62, https://www.amazon.ca/Charmides-Alcibiades-Hipparchus-Theages-Epinomis/dp/0674992210/
21, https://www.amazon.ca/Nietzsche-Beyond-Good-Evil/dp/1535453206/
68, https://www.amazon.ca/Voyage-Dawn-Treader-C-Lewis/dp/0060234865/
70, https://www.amazon.ca/Great-Gatsby-F-Scott-Fitzgerald/dp/0743273567/
71, https://www.amazon.ca/Horse-His-Boy-C-Lewis/dp/0064471063/
75, https://www.amazon.ca/Magicians-Nephew-C-S-Lewis/dp/0060234970/
76, https://www.amazon.ca/Good-Omens-Accurate-Prophecies-Nutter/dp/0062934910/
73, https://www.amazon.ca/Lion-Witch-Wardrobe-picture-book/dp/0060556501/
74, https://www.amazon.ca/Pillars-Earth-Ken-Follett/dp/1417671688/
72, https://www.amazon.ca/Dracula-Bram-Stoker/dp/1940177715/
102, https://www.amazon.ca/Men-Without-Women-Ernest-Hemingway/dp/0684825864/
82, https://www.amazon.ca/String-Theory-M-Theory-Modern-Introduction/dp/0521860695/
83, https://www.amazon.ca/Memoirs-Geisha-Arthur-Golden/dp/0375400117/
84, https://www.amazon.ca/War-Peace-Leo-Tolstoy/dp/0198800541/
87, https://www.amazon.ca/Princeton-Companion-Mathematics-Timothy-Gowers/dp/0691118809/
88, https://www.amazon.ca/Ragged-Trousered-Philanthropists-Robert-Tressell/dp/1493724428/
90, https://www.amazon.ca/Classical-Mechanics-R-Douglas-Gregory/dp/0521826780/
96, https://www.amazon.ca/Twenty-Thousand-Leagues-under-Seas/dp/0198818645/
101, https://www.amazon.ca/Nick-Adams-Stories-Ernest-Hemingway/dp/0684124858/
93, https://www.amazon.ca/Art-War-Translated-Lionel-Giles/dp/1545504628/
98, https://www.amazon.ca/Amber-Spyglass-His-Dark-Materials/dp/0679879269/
100, https://www.amazon.ca/His-Dark-Materials-Compass-Spyglass/dp/0307957837/
99, https://www.amazon.ca/Old-Man-Sea-Ernest-Hemingway/dp/0684801221/
103, https://www.amazon.ca/Islands-Stream-Ernest-Hemingway/dp/0684837870/
104, https://www.amazon.ca/Picture-Dorian-Gray-Three-Stories/dp/0451530454/
106, https://www.amazon.ca/Harry-Potter-Order-Phoenix-Rowling/dp/1408855690/
108, https://www.amazon.ca/Whom-Bell-Tolls-Ernest-Hemingway/dp/0684803356/
111, https://www.amazon.ca/Complete-Short-Stories-Ernest-Hemingway/dp/0684843323/
350, https://www.amazon.ca/Percy-Jackson-Olympians-Last-Olympian/dp/1484786386/
109, https://www.amazon.ca/Feast-Crows-Song-Fire-Book/dp/0553801503/
115, https://www.amazon.ca/Harry-Potter-Philosophers-Stone-Rowling/dp/1408834960/
118, https://www.amazon.ca/Watership-Down-Richard-Adams/dp/0241953235/
114, https://www.amazon.ca/Introduction-Nuclear-Particle-Physics-Ashok/dp/0471571326/
116, https://www.amazon.ca/Hitchhikers-Guide-Galaxy-Primary-Phase/dp/0563477881/
117, https://www.amazon.ca/Quantum-Universe-Anything-That-Happen/dp/0306821443/
113, https://www.amazon.ca/Garden-Eden-Ernest-Hemingway/dp/0684804522/
119, https://www.amazon.ca/Little-Women-Louisa-May-Alcott/dp/0553212753/
121, https://www.amazon.ca/Brave-New-World-Aldous-Huxley/dp/0062696122/
123, https://www.amazon.ca/Kane-Abel-Jeffrey-Archer/dp/0312942729/
124, https://www.amazon.ca/Introduction-Genetic-Algorithms-Melanie-Mitchell/dp/0262631857/
125, https://www.amazon.ca/Prayer-Owen-Meany-John-Irving/dp/0676974031/
137, https://www.amazon.ca/Captain-Corellis-Mandolin-Louis-Bernieres/dp/1784702439/
126, https://www.amazon.ca/Analytical-Mechanics-Relativity-Quantum/dp/0191001627/
195, https://www.amazon.ca/Eugenie-Grandet-Honore-Balzac/dp/1720306249/
134, https://www.amazon.ca/Metamorphosis-Franz-Kafka/dp/0393347095/
136, https://www.amazon.ca/As-You-Like-William-Shakespeare/dp/1982109408/
132, https://www.amazon.ca/PC-Assembly-Language-Introduction-Computer/dp/0314010033/
130, https://www.amazon.ca/Real-Time-Animation-Toolkit-Rex-Bradford/dp/0471121479/
139, https://www.amazon.ca/Jane-Eyre-Classics-Charlotte-Bronte/dp/0812523377/
140, https://www.amazon.ca/Stand-Stephen-King/dp/0307743683/
141, https://www.amazon.ca/Wonderful-Wizard-Oz-Frank-Baum/dp/1402725043/
142, https://www.amazon.ca/Jungle-Book-Rudyard-Kipling/dp/0486410242/
143, https://www.amazon.ca/Wuthering-Heights-Emily-Bronte/dp/0451531795/
388, https://www.amazon.ca/House-Hades-Heroes-Olympus-cover/dp/1368051715/
145, https://www.amazon.ca/Subtle-Knife-His-Dark-Materials/dp/0679879250/
146, https://www.amazon.ca/Kill-Mockingbird-Harper-Lee/dp/0446310786/
148, https://www.amazon.ca/Goodnight-Mister-Tom-Michelle-Magorian/dp/0141354801/
151, https://www.amazon.ca/Don-Quixote-Miguel-Cervantes/dp/0060188707/
152, https://www.amazon.ca/Rebecca-Daphne-du-Maurier/dp/0349010269/
160, https://www.amazon.ca/Calculus-Know-ALL-Beginner-Everything/dp/0071549315/
149, https://www.amazon.ca/John-Cleland-Fanny-Hill/dp/1535289635/
85, https://www.amazon.ca/Calculus-Transcendentals-WebAssign-Printed-Multi-Term/dp/1111426686/
153, https://www.amazon.ca/Introduction-Statistical-Learning-Applications/dp/1461471370/
154, https://www.amazon.ca/Eoin-Colfer-Artemis-Fowl-Graphic/dp/1368043143/
155, https://www.amazon.ca/Thorn-Birds-Novel-Colleen-McCullough/dp/0061990477/
156, https://www.amazon.ca/Moonstone-Wilkie-Collins/dp/0486424510/
157, https://www.amazon.ca/Moby-Dick-Herman-Melville/dp/1503280780/
159, https://www.amazon.ca/Big-Bang-Theory-Where-Works/dp/0471394521/
163, https://www.amazon.ca/Lord-Flies-Sir-William-Golding/dp/0780776828/
165, https://www.amazon.ca/Scarlet-Letter-Nathaniel-Hawthorne/dp/0007218494/
167, https://www.amazon.ca/Great-Expectations-Charles-Dickens/dp/0486415864/
168, https://www.amazon.ca/Sun-Also-Rises-Ernest-Hemingway/dp/0743297334/
170, https://www.amazon.ca/Green-Hills-Africa-Ernest-Hemingway/dp/0684801299/
162, https://www.amazon.ca/Animal-Farm-Centennial-George-Orwell/dp/0452284244/
169, https://www.amazon.ca/Midnights-Children-Novel-Salman-Rushdie/dp/0676970656/
164, https://www.amazon.ca/Holt-McDougal-Library-School-Connections/dp/0030565073/
166, https://www.amazon.ca/Colour-Magic-Terry-Pratchett/dp/0552124753/
171, https://www.amazon.ca/Catcher-Rye-J-D-Salinger/dp/0316769487/
175, https://www.amazon.ca/Dubliners-James-Joyce/dp/1509826629/
202, https://www.amazon.ca/Harry-Potter-Chamber-Secrets-Rowling/dp/1408855666/
207, https://www.amazon.ca/George-Martins-Thrones-Leather-Cloth-Boxed/dp/1101965487/
176, https://www.amazon.ca/Town-Like-Alice-Nevil-Shute/dp/1509834818/
177, https://www.amazon.ca/Count-Monte-Cristo-Alexandre-Dumas/dp/0307271129/
178, https://www.amazon.ca/Jungle-Upton-Sinclair/dp/1945644060/
179, https://www.amazon.ca/Heidi-Johanna-Spyri/dp/0147514029/
180, https://www.amazon.ca/Hundred-Solitude-Gabriel-Garcia-Marquez/dp/0060883286/
182, https://www.amazon.ca/Mice-Men-John-Steinbeck/dp/0140177396/
183, https://www.amazon.ca/Love-Cholera-Gabriel-Garc-M-rquez/dp/0307388816/
184, https://www.amazon.ca/Treasure-Island-Robert-Louis-Stevenson/dp/0486275590/
181, https://www.amazon.ca/Middlemarch-Barnes-Noble-Classics-George/dp/1593080239/
187, https://www.amazon.ca/Fundamentals-Solar-Astronomy-Arvind-Bhatnagar/dp/9812563571/
200, https://www.amazon.ca/Quantum-Mechanics-Scientists-Engineers-Miller/dp/0521897831/
201, https://www.amazon.ca/Introduction-Mathematical-Physics-Michael-Vaughn/dp/3527406271/
196, https://www.amazon.ca/Fantastic-Beasts-Where-Find-Them/dp/1338109065/
199, https://www.amazon.ca/Reassessing-John-Buchan-Beyond-Thirty/dp/1851969985/
204, https://www.amazon.ca/How-Think-Like-Mathematician-Undergraduate/dp/0521895464/
22, https://www.amazon.ca/Hamlet-William-Shakespeare/dp/0486272788/
219, https://www.amazon.ca/Platos-Apology-Socrates-Crito-Phaedo/dp/1295322730/
203, https://www.amazon.ca/COMPLETE-SHERLOCK-Sherlock-Complete-Collection/dp/1500135488/
205, https://www.amazon.ca/Storm-Swords-George-R-Martin/dp/0606267255/
206, https://www.amazon.ca/Clash-Kings-George-R-Martin/dp/0606267247/
220, https://www.amazon.ca/Plato-Apology-Socrates-Xenophon/dp/0521145821/
221, https://www.amazon.ca/Voyage-Dawn-Treader-C-Lewis/dp/0064405028/
229, https://www.amazon.ca/Platos-Apology-Socrates-Crito-Phaedo/dp/1295322730/
230, https://www.amazon.ca/Plato-Apology-Socrates-Xenophon/dp/0521145821/
236, https://www.amazon.ca/Vulkan-Lord-Drakes-David-Annandale/dp/1784967769/
389, https://www.amazon.ca/Heroes-Olympus-Book-Five-Blood/dp/1423146735/
69, https://www.amazon.ca/Prince-Caspian-C-S-Lewis/dp/0060234830/
238, https://www.amazon.ca/Deathfire-Nick-Kyme/dp/1784961558/
95, https://www.amazon.ca/Tess-dUrbervilles-Woman-Thomas-Hardy/dp/1723391115/
244, https://www.amazon.ca/Twenty-Thousand-Leagues-under-Seas/dp/0198818645/
245, https://www.amazon.ca/Tales-Heresy-Lindsey-Priestley/dp/1849708096/
92, https://www.amazon.ca/Proceedings-International-Conference-Computation-Differential/dp/9810213395/
351, https://www.amazon.ca/Percy-Jackson-Olympians-Battle-Labyrinth/dp/1484786394/
260, https://www.amazon.ca/Horus-Heresy-Damnation-David-Annandale/dp/1849708428/
250, https://www.amazon.ca/Harry-Potter-Order-Phoenix-Rowling/dp/1408855933/
112, https://www.amazon.ca/Harry-Potter-Prisoner-Azkaban-Rowling/dp/1408865416/
257, https://www.amazon.ca/Harry-Potter-Sorcerers-Stone-Korean/dp/8983925310/
122, https://www.amazon.ca/Differential-Equations-Dummies-Steven-Holzner/dp/0470178140/
127, https://www.amazon.ca/Evolved-Win-Moshe-Sipper/dp/1470972832/
359, https://www.amazon.ca/Heroes-Olympus-Demigod-Diaries/dp/1423163001/
278, https://www.amazon.ca/Eoin-Colfer-Artemis-Fowl-Graphic/dp/1368043143/
483, https://www.amazon.ca/Running-Blind-Lee-Child/dp/0515143502/
266, https://www.amazon.ca/As-You-Like-William-Shakespeare/dp/1982109408/
267, https://www.amazon.ca/Captain-Corellis-Mandolin-Louis-Bernieres/dp/1784702439/
273, https://www.amazon.ca/Good-Night-Mr-Michelle-Magorian/dp/0808579673/
305, https://www.amazon.ca/Aenir-Garth-Nix/dp/0613322479/
306, https://www.amazon.ca/Castle-Garth-Nix/dp/0613323815/
144, https://www.amazon.ca/Hacking-Art-Exploitation-Jon-Erickson/dp/1593271441/
147, https://www.amazon.ca/Gaston-Leroux-Phantom-Opera/dp/1539961826/
276, https://www.amazon.ca/Rebecca-Daphne-du-Maurier/dp/0349010269/
277, https://www.amazon.ca/Introduction-Linear-Algebra-James-DeFranza/dp/0073532355/
161, https://www.amazon.ca/Nostromo-Tale-Seaboard-Joseph-Conrad/dp/0199555915/
307, https://www.amazon.ca/Fall-Garth-Nix/dp/0756935164/
360, https://www.amazon.ca/Heroes-Olympus-Book-Three-Athena/dp/1423140605/
172, https://www.amazon.ca/Across-River-Trees-Ernest-Hemingway/dp/0684844648/
289, https://www.amazon.ca/Horus-Heresy-Vengeful-Graham-McNeill/dp/1849708304/
292, https://www.amazon.ca/Deliverance-Lost-Gav-Thorpe/dp/1849708258/
295, https://www.amazon.ca/Prospero-Burns-Dan-Abnett/dp/1849708215/
303, https://www.amazon.ca/Into-Battle-Garth-Nix/dp/0613357507/
304, https://www.amazon.ca/Above-Veil-Garth-Nix/dp/0613357515/
185, https://www.amazon.ca/Jekyll-Hyde-Strange-Robert-Stevenson/dp/1511878061/
191, https://www.amazon.ca/Engineering-Mechanics-James-L-Meriam/dp/1119286972/
318, https://www.amazon.ca/Time-Quartet-Swiftly-Tilting-Wrinkle/dp/0440360374/
309, https://www.amazon.ca/Silver-Chair-C-S-Lewis/dp/0060234954/
310, https://www.amazon.ca/McGraw-Hills-Concise-Writing-Research-Papers/dp/0071629890/
315, https://www.amazon.ca/Enders-Game-Orson-Scott-Card/dp/0765394863/
382, https://www.amazon.ca/HALO-Glasslands-Book-Kilo-Five-Trilogy/dp/1982111836/
311, https://www.amazon.ca/Fifty-Challenging-Problems-Probability-Solutions/dp/0486653552/
312, https://www.amazon.ca/Solutions-Introduction-Probability-Statistics-Processes/dp/0990637212/
313, https://www.amazon.ca/Madeleine-LEngle-Wrinkle-Quartet-Swiftly/dp/1598535781/
317, https://www.amazon.ca/Acceptable-Time-Madeleine-LEngle/dp/1435273885/
319, https://www.amazon.ca/Many-Waters-Madeleine-LEngle/dp/0440405483/
330, https://www.amazon.ca/Leviathan-Thomas-Hobbes/dp/0199537283/
320, https://www.amazon.ca/We-Philologists-Complete-Friedrich-Nietzsche/dp/1781391416/
325, https://www.amazon.ca/Antichrist-Friedrich-Nietzsche-Unabridged-Original/dp/1548815578/
327, https://www.amazon.ca/Auguste-Comte-Positivism-John-Stuart/dp/1979540713/
329, https://www.amazon.ca/Discourse-Method-Reasoning-Rene-Descartes/dp/1727019911/
323, https://www.amazon.ca/Anti-Education-Future-Our-Educational-Institutions/dp/1590178947/
324, https://www.amazon.ca/Homer-Classical-Philology-Other-Short/dp/1241667594/
356, https://www.amazon.ca/Pygmy-Chuck-Palahniuk/dp/0385666306/
326, https://www.amazon.ca/System-Logic-Ratiocinative-Inductive-Investigation/dp/1360031782/
328, https://www.amazon.ca/Autobiography-John-Stuart-Mill/dp/1604503149/
333, https://www.amazon.ca/Prince-Nicolo-Machiavelli/dp/1721729437/
334, https://www.amazon.ca/Discourse-Method-Meditations-Philosophy-Principles/dp/1976339081/
335, https://www.amazon.ca/Problems-Philosophy-Bertrand-Russell/dp/1978014481/
336, https://www.amazon.ca/Tractatus-Logico-Philosophicus-Ludwig-Wittgenstein/dp/0486404455/
338, https://www.amazon.ca/Ta-Ssi-Yang-Kuo-Extremo-Oriente-Portuguez-Colligidos-Coordenados/dp/1363395289/
395, https://www.amazon.ca/seiner-Hand-Nicci-French/dp/3570005941/
339, https://www.amazon.ca/Everything-Kids-Science-Experiments-Gravity-challenge/dp/1435237803/
340, https://www.amazon.ca/Ta-Ssi-Yang-Kuo-Extremo-Oriente-Portuguez-Colligidos-Coordenados/dp/1363395289/
341, https://www.amazon.ca/Xenocide-Mission-Ben-Jeapes/dp/0385604122/
342, https://www.amazon.ca/Trapped-Video-Game-Book-Final/dp/1449495737/
345, https://www.amazon.ca/Berenstain-Bears-Go-Green/dp/0062075500/
347, https://www.amazon.ca/Percy-Jackson-Olympians-Lightning-Thief/dp/0786856297/
348, https://www.amazon.ca/Percy-Jackson-Olympians-Monsters-Cover/dp/0786856866/
349, https://www.amazon.ca/Percy-Jackson-Olympians-Three-Titans/dp/1423101480/
383, https://www.amazon.ca/Maze-Runner-Book-One/dp/0385737947/
352, https://www.amazon.ca/Mind-Introduction-Cognitive-Paul-Thagard/dp/0262201062/
355, https://www.amazon.ca/Rant-Oral-Biography-Buster-Casey/dp/0385663501/
353, https://www.amazon.ca/Halo-Silentium-Book-Three-Forerunner/dp/0765337347/
357, https://www.amazon.ca/Pathfinder-Trilogy-Ruins-Visitors/dp/1481457721/
361, https://www.amazon.ca/Heroes-Olympus-Book-Two-Neptune/dp/1423140591/
364, https://www.amazon.ca/HALO-Flood-William-C-Dietz/dp/1982111631/
365, https://www.amazon.ca/HALO-Cryptum-Book-Forerunner-Saga/dp/1982111755/
402, https://www.amazon.ca/Ravenor-Omnibus-Dan-Abnett/dp/1784969931/
403, https://www.amazon.ca/Space-Marine-Ian-Watson/dp/1844169014/
366, https://www.amazon.ca/HALO-Primordium-Book-Forerunner-Saga/dp/1982111771/
363, https://www.amazon.ca/Wraith-Joe-Hill/dp/1613778988/
367, https://www.amazon.ca/Heart-Darkness-Joseph-Conrad/dp/0486264645/
368, https://www.amazon.ca/Invisible-Man-Grotesque-Romance/dp/0198702671/
369, https://www.amazon.ca/ISLAND-DOCTOR-MOREAU-H-G-Wells/dp/1948886030/
370, https://www.amazon.ca/Time-Machine-H-G-Wells/dp/1470886588/
371, https://www.amazon.ca/War-Worlds-H-G-Wells/dp/0241387167/
372, https://www.amazon.ca/Horus-Heresy-Master-Mankind/dp/1784967114/
374, https://www.amazon.ca/Into-Void-Star-Wars-Legends/dp/0345545052/
375, https://www.amazon.ca/HALO-Fall-Reach-Eric-Nylund/dp/1982111615/
376, https://www.amazon.ca/Halo-First-Strike-Eric-Nylund/dp/0765328348/
377, https://www.amazon.ca/Beyond-Good-Evil-Prelude-Philosophy/dp/0679724656/
378, https://www.amazon.ca/HALO-Ghosts-Onyx-Eric-Nylund/dp/1982111674/
379, https://www.amazon.ca/Halo-Contact-Harvest-Joseph-Staten/dp/0765315696/
404, https://www.amazon.ca/Uriel-Ventris-Chronicles-Graham-McNeill/dp/1784968544/
380, https://www.amazon.ca/HALO-Protocol-Tobias-S-Buckell/dp/1982111712/
381, https://www.amazon.ca/American-Gods-Ilustrado-Neil-Gaiman/dp/8417305637/
390, https://www.amazon.ca/Pathfinder-Trilogy-Ruins-Visitors/dp/1481426982/
391, https://www.amazon.ca/Enchantment-Classic-Fantasy-Modern-Twist/dp/0345416880/
393, https://www.amazon.ca/Iron-Gate-Richard-Herman/dp/0684810700/
394, https://www.amazon.ca/Battle-Tull-Stephen-King/dp/1982109882/
396, https://www.amazon.ca/Ravenor-Omnibus-Dan-Abnett/dp/1784969931/
397, https://www.amazon.ca/Heroes-Space-Marines-Nick-Kyme/dp/1844167313/
399, https://www.amazon.ca/Deathwing-Neil-Jones/dp/1852838388/
406, https://www.amazon.ca/Deptford-Trilogy-Business-Manticore-Wonders/dp/0140147551/
407, https://www.amazon.ca/Manticore-Robertson-Davies/dp/0670453137/
433, https://www.amazon.ca/Red-Prophet-Orson-Scott-Card/dp/0312930437/
434, https://www.amazon.ca/Prentice-Alvin-Orson-Scott-Card/dp/0312931417/
401, https://www.amazon.ca/Draco-Ian-Watson/dp/0743443187/
408, https://www.amazon.ca/WORLD-WONDERS-Robertson-Davies/dp/1417646047/
409, https://www.amazon.ca/Harry-Potter-Deathly-Hallows-Rowling/dp/1408855712/
410, https://www.amazon.ca/Jurassic-Park-Novel-Michael-Crichton/dp/0345538986/
415, https://www.amazon.ca/Eaters-Dead-Michael-Crichton/dp/0525436383/
417, https://www.amazon.ca/Sphere-Michael-Crichton/dp/0061990558/
412, https://www.amazon.ca/Airframe-Novel-Michael-Crichton/dp/0345526775/
413, https://www.amazon.ca/CONGO-Michael-Crichton/dp/0394513924/
416, https://www.amazon.ca/Rising-Sun-Michael-Crichton/dp/1613835027/
435, https://www.amazon.ca/Crystal-City-Tales-Alvin-Maker/dp/0312864833/
419, https://www.amazon.ca/Great-Train-Robbery-Michael-Crichton/dp/0804171289/
421, https://www.amazon.ca/Seventh-Son-Tales-Alvin-Maker/dp/0812533054/
422, https://www.amazon.ca/Unfortunate-Events-Bad-Beginning/dp/0064407667/
423, https://www.amazon.ca/Choke-Chuck-Palahniuk/dp/0385720920/
424, https://www.amazon.ca/Hades-Factor-Robert-Ludlum-author/dp/1409117731/
425, https://www.amazon.ca/Coraline-Neil-Gaiman/dp/0061139378/
436, https://www.amazon.ca/Heartfire-Tales-Alvin-Maker-V/dp/0812509242/
420, https://www.amazon.ca/Percy-Jackson-Olympians-Battle-Labyrinth/dp/1423101464/
426, https://www.amazon.ca/Last-Shots-Stephen-King/dp/1982109947/
427, https://www.amazon.ca/Forward-Foundation-Isaac-Asimov/dp/0553565079/
428, https://www.amazon.ca/Without-Remorse-Tom-Clancy/dp/0399138250/
430, https://www.amazon.ca/Hobbit-J-R-Tolkien/dp/0261102214/
432, https://www.amazon.ca/Theory-Everything-Origin-Fate-Universe/dp/1893224546/
429, https://www.amazon.ca/Jumper-Novel-Steven-Gould/dp/0765378167/
437, https://www.amazon.ca/Alvin-Journeyman-CARD-ORSON-SCOTT/dp/0312850530/
438, https://www.amazon.ca/Neil-Gaiman-Charles-Vesss-Stardust/dp/1401287840/
491, https://www.amazon.ca/Persuader-Lee-Child/dp/0385336667/
493, https://www.amazon.ca/Echo-Burning-Lee-Child/dp/0593046595/
439, https://www.amazon.ca/Reflex-Steven-Gould/dp/0312864213/
440, https://www.amazon.ca/Mythic-Monsters-Tattoos-George-Toufexis/dp/0486815625/
443, https://www.amazon.ca/Redshirts-John-Scalzi/dp/1410476073/
444, https://www.amazon.ca/Node-js-Example-Krasimir-Tsonev/dp/1784395714/
445, https://www.amazon.ca/Ancillary-Mercy-Ann-Leckie/dp/0316246689/
446, https://www.amazon.ca/Angles-Attack-Marko-Kloos/dp/1477828311/
449, https://www.amazon.ca/Complete-Chester-Goulds-Dick-Tracy/dp/1684050235/
451, https://www.amazon.ca/Golden-Son-Book-Rising-Saga/dp/0345539818/
468, https://www.amazon.ca/Godfather-Mario-Puzo/dp/0399103422/
499, https://www.amazon.ca/Never-Go-Back-Reacher-Novel/dp/0385344341/
501, https://www.amazon.ca/Make-Me-Jack-Reacher-Novel/dp/0804178771/
452, https://www.amazon.ca/Water-Knife-novel-Paolo-Bacigalupi/dp/0385352875/
460, https://www.amazon.ca/Breaking-Spell-Religion-Natural-Phenomenon/dp/0143038338/
448, https://www.amazon.ca/Counterstrike-Black-Fleet-Trilogy-Book/dp/1518808670/
453, https://www.amazon.ca/Strands-Sorrow-John-Ringo/dp/1476781028/
454, https://www.amazon.ca/Fall-Dodge-Hell-Neal-Stephenson/dp/0062887467/
455, https://www.amazon.ca/Fold-Novel-Peter-Clines/dp/0553418297/
456, https://www.amazon.ca/Aurora-Kim-Stanley-Robinson/dp/0316526991/
480, https://www.amazon.ca/Killing-Floor-Lee-Child/dp/1410430103/
457, https://www.amazon.ca/End-All-Things-John-Scalzi/dp/0765376075/
458, https://www.amazon.ca/Archangel-One-Evan-Currie/dp/1542004861/
459, https://www.amazon.ca/Whos-Good-Boy-Welcome-Episodes/dp/0062798111/
462, https://www.amazon.ca/Warlock-Michael-Scott/dp/0385735340/
465, https://www.amazon.ca/Enchantress-Michael-Scott/dp/0385735367/
467, https://www.amazon.ca/King-Warrior-Magician-Lover-Rediscovering/dp/0062506064/
476, https://www.amazon.ca/State-Fear-Novel-Michael-Crichton/dp/0062227211/
461, https://www.amazon.ca/Conrads-Time-Machine-Leo-Frankowski/dp/0743471911/
466, https://www.amazon.ca/Magicians-Trilogy-Boxed-Set-Magician/dp/0147517389/
470, https://www.amazon.ca/Sorceress-Michael-Scott/dp/0385735294/
471, https://www.amazon.ca/I-Am-Legend-Richard-Matheson/dp/0765357151/
472, https://www.amazon.ca/Dictators-Handbook-Behavior-Almost-Politics/dp/1610391845/
475, https://www.amazon.ca/Micro-Novel-Michael-Crichton/dp/0062227181/
477, https://www.amazon.ca/Prey-Michael-Crichton/dp/0061703087/
473, https://www.amazon.ca/Closing-Time-Joseph-L-Heller/dp/0671746049/
474, https://www.amazon.ca/Timeline-Michael-Crichton/dp/1680652095/
478, https://www.amazon.ca/Next-Michael-Crichton/dp/0060873167/
479, https://www.amazon.ca/Circle-Dave-Eggers/dp/0345808592/
484, https://www.amazon.ca/Worth-Dying-Jack-Reacher-Novel/dp/0385344317/
481, https://www.amazon.ca/Ausgeliefert/dp/3734105137/
515, https://www.amazon.ca/Nemesis-Games-James-S-Corey/dp/0316217581/
516, https://www.amazon.ca/Leviathan-Wakes-James-S-Corey/dp/0316129089/
517, https://www.amazon.ca/Babylons-Ashes-James-S-Corey/dp/0316217646/
518, https://www.amazon.ca/Abaddons-Gate-James-S-Corey/dp/0316129070/
482, https://www.amazon.ca/Wanted-Man-Jack-Reacher-Novel/dp/0385344333/
485, https://www.amazon.ca/Deadly-Coast-R-McDermott/dp/0983741735/
519, https://www.amazon.ca/Calibans-War-James-S-Corey/dp/0316129062/
520, https://www.amazon.ca/Cibola-Burn-James-S-Corey/dp/0316334685/
487, https://www.amazon.ca/Bad-Luck-Trouble-Reacher-Novel/dp/0385340559/
488, https://www.amazon.ca/Nothing-Lose-Jack-Reacher-Novel/dp/0385340567/
490, https://www.amazon.ca/Sniper-Lee-Child/dp/3442372089/
494, https://www.amazon.ca/Enemy-Lee-Child/dp/0375433376/
535, https://www.amazon.ca/Platos-Apology-Socrates-Crito-Phaedo/dp/1295322730/
489, https://www.amazon.ca/Gone-Tomorrow-Jack-Reacher-Novel/dp/0385340575/
492, https://www.amazon.ca/Hard-Way-Jack-Reacher-Novel/dp/0385336691/
808, https://www.amazon.ca/Abhorsen-Trilogy-Box-Set/dp/0060734191/
500, https://www.amazon.ca/Personal-Child-Times-Bestselling-Author/dp/0606372601/
506, https://www.amazon.ca/Bradbury-Stories-Most-Celebrated-Tales/dp/0060544880/
571, https://www.amazon.ca/Fulgrim-Graham-McNeill/dp/1849708045/
498, https://www.amazon.ca/Night-School-Jack-Reacher-Novel/dp/0804178801/
503, https://www.amazon.ca/Gatefather-Mithermages-Orson-Scott-Card/dp/0765326590/
504, https://www.amazon.ca/Born-Crime-Trevor-Noah/dp/0385689225/
505, https://www.amazon.ca/Dragon-Teeth-Novel-Michael-Crichton/dp/0062473352/
508, https://www.amazon.ca/Stephen-Kings-Dark-Tower-Beginnings/dp/1982108312/
510, https://www.amazon.ca/Fall-Dodge-Hell-Neal-Stephenson/dp/0062887467/
513, https://www.amazon.ca/Without-Fail-Lee-Child/dp/0399148612/
514, https://www.amazon.ca/Dark-Run-Mike-Brooks/dp/1481459538/
511, https://www.amazon.ca/Ready-Player-One-Ernest-Cline/dp/0307887448/
512, https://www.amazon.ca/Midnight-Line-Jack-Reacher-Novel/dp/0399593489/
545, https://www.amazon.ca/Ragged-Trousered-Philanthropists-Robert-Tressell/dp/1721257950/
521, https://www.amazon.ca/Fireman-Novel-Joe-Hill/dp/0062565338/
523, https://www.amazon.ca/Horns-Novel-Joe-Hill/dp/0061147966/
524, https://www.amazon.ca/Call-Dragon-Alastair-Batchelor/dp/1495363449/
525, https://www.amazon.ca/Voynich-Project-Nephilim-Rising-Thriller/dp/9608317681/
526, https://www.amazon.ca/Time-Soldiers-Omega-David-Hartman/dp/1439257086/
528, https://www.amazon.ca/Saving-His-Omega-Omegaverse-Romance/dp/1980592934/
60, https://www.amazon.ca/Four-Texts-Socrates-Euthyphro-Aristophanes/dp/0801485746/
522, https://www.amazon.ca/Strange-Weather-Four-Short-Novels/dp/0062663119/
536, https://www.amazon.ca/Plato-Apology-Socrates-Xenophon/dp/0521145821/
542, https://www.amazon.ca/Outcast-Dead-Truth-Lies-Within/dp/1849700869/
544, https://www.amazon.ca/Deliverance-Lost-Gav-Thorpe/dp/1849700621/
549, https://www.amazon.ca/Art-War-Sun-Tzu/dp/0486425576/
550, https://www.amazon.ca/Legion-Abnett-Andy-Lanning-Vol/dp/1401276369/
551, https://www.amazon.ca/Tess-dUrbervilles-Woman-Thomas-Hardy/dp/1549706527/
552, https://www.amazon.ca/Twenty-Thousand-Leagues-under-Seas/dp/0198818645/
553, https://www.amazon.ca/Horus-Rising-Dan-Abnett/dp/1849707448/
556, https://www.amazon.ca/Golden-Compass-His-Dark-Materials/dp/0440418321/
105, https://www.amazon.ca/Harry-Potter-Half-Blood-Prince-Rowling/dp/1408855941/
110, https://www.amazon.ca/Harry-Potter-Goblet-Fire-Rowling/dp/1408855925/
568, https://www.amazon.ca/Age-Darkness-Christian-Dunn/dp/1849700362/
129, https://www.amazon.ca/Turn-Screw-Other-Stories/dp/0199536171/
291, https://www.amazon.ca/Mechanicum-Graham-McNeill/dp/1849708088/
268, https://www.amazon.ca/Flight-Eisenstein-James-Swallow/dp/1849708037/
577, https://www.amazon.ca/Horus-Heresy-Galaxy-Ben-Counter/dp/1849707537/
578, https://www.amazon.ca/As-You-Like-William-Shakespeare/dp/1982109408/
579, https://www.amazon.ca/Captain-Corellis-Mandolin-Louis-Bernieres/dp/1784702439/
580, https://www.amazon.ca/False-Gods-Graham-McNeill/dp/1849707472/
269, https://www.amazon.ca/Jane-Eyre-Annotated-Abridged-Narrative/dp/1521123128/
587, https://www.amazon.ca/Rebecca-Daphne-du-Maurier/dp/0349010269/
588, https://www.amazon.ca/Artemis-Fowl-Eoin-Colfer/dp/0786808012/
158, https://www.amazon.ca/Madame-Bovary-Provincial-Gustave-Flaubert/dp/0199535655/
590, https://www.amazon.ca/Nostromo-Joseph-Conrad/dp/1731700938/
591, https://www.amazon.ca/Animal-Farm-George-Orwell/dp/0141036133/
316, https://www.amazon.ca/Enders-Shadow-Parallel-Novel-Game/dp/0756901537/
173, https://www.amazon.ca/Farewell-Arms-Hemingway-Library/dp/1451658168/
597, https://www.amazon.ca/Middlemarch-George-Eliot/dp/0141439548/
599, https://www.amazon.ca/Horus-Heresy-First-Heretic/dp/1844168859/
601, https://www.amazon.ca/Battle-Abyss-Ben-Counter/dp/1849708169/
602, https://www.amazon.ca/Nemesis-James-Swallow/dp/1844168697/
604, https://www.amazon.ca/Thousand-Sons-Graham-McNeill/dp/1849708207/
193, https://www.amazon.ca/Basic-Physics-Self-Teaching-Karl-Kuhn/dp/0471134473/
606, https://www.amazon.ca/Fallen-Angels-Mike-Lee/dp/1844167291/
608, https://www.amazon.ca/Dark-King-Lightning-Tower-Abnett/dp/1844166228/
612, https://www.amazon.ca/Storm-Swords-Song-Fire-Three/dp/0553106635/
636, https://www.amazon.ca/Messenger-Lois-Lowry/dp/1328466205/
613, https://www.amazon.ca/Clash-Kings-Graphic-Novel-Two/dp/0440423252/
308, https://www.amazon.ca/Last-Battle-Adult-Ed-Lewis/dp/0060764880/
616, https://www.amazon.ca/Horus-Heresy-Know-No-Fear/dp/1849701342/
619, https://www.amazon.ca/Wrinkle-Time-Madeleine-LEngle/dp/0312367546/
620, https://www.amazon.ca/Wind-Door-Madeleine-LEngle/dp/0312368542/
647, https://www.amazon.ca/Titans-Curse-Rick-Riordan/dp/1613831137/
637, https://www.amazon.ca/Giver-Lois-Lowry/dp/0544336267/
638, https://www.amazon.ca/Fear-Tread-James-Swallow/dp/1849701954/
321, https://www.amazon.ca/Thus-Spake-Zarathustra-Wisehouse-Classics/dp/9176372936/
322, https://www.amazon.ca/Untimely-Meditations-Thoughts-Season-Parts/dp/1420934554/
628, https://www.amazon.ca/Nietzsche-Antichrist/dp/1535454830/
631, https://www.amazon.ca/Proposed-Roads-Freedom-Philosophy-Syndicalism/dp/1987695682/
633, https://www.amazon.ca/Selections-Principles-Philosophy-Rene-Descartes/dp/1533252793/
337, https://www.amazon.ca/System-Logic-Ratiocinative-Inductive-Vol/dp/1530153514/
635, https://www.amazon.ca/Gathering-Blue-Lois-Lowry/dp/0547904142/
648, https://www.amazon.ca/Percy-Jackson-Olympians-Last-Olympian/dp/1484786386/
343, https://www.amazon.ca/Ender-Quartet-Boxed-Set-Xenocide/dp/0765362430/
344, https://www.amazon.ca/Psychology-Study-Guide-Access-Code/dp/1429245697/
643, https://www.amazon.ca/NOFX-Hepatitis-Bathtub-Other-Stories/dp/0306824779/
346, https://www.amazon.ca/Niccolo-Machiavelli-Complete-Original-Translation/dp/1912461005/
645, https://www.amazon.ca/Percy-Jackson-Olympians-Lightning-Thief/dp/1423117107/
646, https://www.amazon.ca/Percy-Jackson-Olympians-Sea-Monsters/dp/1423145291/
695, https://www.amazon.ca/Ultramarines-Omnibus-Graham-McNeill/dp/1844164039/
354, https://www.amazon.ca/Gate-Thief-Orson-Scott-Card/dp/0765326582/
652, https://www.amazon.ca/Pathfinder-Orson-Scott-Card/dp/1416991794/
655, https://www.amazon.ca/Heroes-Olympus-Three-Athena-cover/dp/1368051421/
656, https://www.amazon.ca/Heroes-Olympus-Book-Neptune-cover/dp/1368051448/
362, https://www.amazon.ca/Princess-Mars-Edgar-Burroughs-Illustrated/dp/1975735927/
659, https://www.amazon.ca/BETRAYER-Blood-God/dp/1849702802/
660, https://www.amazon.ca/Mark-Calth-Laurie-Goulding/dp/1849705755/
661, https://www.amazon.ca/Vulkan-Lives-Nick-Kyme/dp/1849706255/
662, https://www.amazon.ca/HALO-Flood-William-C-Dietz/dp/1982111631/
663, https://www.amazon.ca/HALO-Cryptum-Book-Forerunner-Saga/dp/1982111755/
664, https://www.amazon.ca/HALO-Primordium-Book-Forerunner-Saga/dp/1982111771/
418, https://www.amazon.ca/Terminal-Man-Michael-Crichton/dp/0804171297/
665, https://www.amazon.ca/Wells-Invisible-Man-Annotated-Illustrated/dp/1986598322/
666, https://www.amazon.ca/Island-Dr-Moreau-H-G-Wells/dp/1987701364/
667, https://www.amazon.ca/Horus-Heresy-Angel-Exterminatus-Flesh/dp/1849702098/
373, https://www.amazon.ca/Probably-Approximately-Correct-Algorithms-Prospering/dp/0465060722/
670, https://www.amazon.ca/HALO-Fall-Reach-Eric-Nylund/dp/1982111615/
671, https://www.amazon.ca/HALO-First-Strike-Eric-Nylund/dp/1982111658/
672, https://www.amazon.ca/Beyond-Good-Evil-Friedrich-Illustrated/dp/1533633126/
673, https://www.amazon.ca/HALO-Ghosts-Onyx-Eric-Nylund/dp/1982111674/
674, https://www.amazon.ca/HALO-Contact-Harvest-Joseph-Staten/dp/1982111690/
675, https://www.amazon.ca/HALO-Protocol-Tobias-S-Buckell/dp/1982111712/
676, https://www.amazon.ca/American-Gods-Authors-Preferred-Text/dp/0062080237/
707, https://www.amazon.ca/Seventh-Prophet-Orson-Scott-Card/dp/0765385872/
708, https://www.amazon.ca/Unfortunate-Events-Bad-Beginning/dp/0064407667/
677, https://www.amazon.ca/HALO-Glasslands-Book-Kilo-Five-Trilogy/dp/1982111836/
678, https://www.amazon.ca/Kill-Order-Maze-Runner-Origin/dp/0385742894/
679, https://www.amazon.ca/Scorch-Trials-Maze-Runner-Book/dp/0385738765/
681, https://www.amazon.ca/HALO-Thursday-Book-Kilo-Five-Trilogy/dp/1982111798/
682, https://www.amazon.ca/HALO-Mortal-Dictata-Kilo-Five-Trilogy/dp/1982111852/
683, https://www.amazon.ca/House-Hades-Heroes-Olympus-cover/dp/1368051715/
684, https://www.amazon.ca/Heroes-Olympus-Book-Blood-cover/dp/1368051707/
685, https://www.amazon.ca/Visitors-Orson-Scott-Card/dp/1416991816/
686, https://www.amazon.ca/Enchantment-Orson-Scott-Card/dp/0345416872/
392, https://www.amazon.ca/Thousand-Dollar-Line-Veronica-Mars/dp/1760112364/
709, https://www.amazon.ca/Little-Sisters-Eluria-Stephen-King/dp/1982109866/
688, https://www.amazon.ca/Battle-Tull-Stephen-King/dp/1982109882/
690, https://www.amazon.ca/Ravenor-Omnibus-Dan-Abnett/dp/1784969931/
398, https://www.amazon.ca/Black-Library-Summer-Reading-Assault/dp/1784967475/
400, https://www.amazon.ca/Let-Galaxy-Burn-Marc-Gascoigne/dp/1844163423/
694, https://www.amazon.ca/Ravenor-Omnibus-Dan-Abnett/dp/1784969931/
405, https://www.amazon.ca/Black-Library-Summer-Reading-Damnation/dp/1784967483/
697, https://www.amazon.ca/Fifth-Business-Robertson-Davies/dp/0670312134/
150, https://www.amazon.ca/Lost-World-Novel-Michael-Crichton/dp/0345538994/
414, https://www.amazon.ca/Disclosure-Michael-Crichton/dp/0679419454/
710, https://www.amazon.ca/Farseer-Assassins-Apprentice-Robin-Hobb/dp/1400164346/
711, https://www.amazon.ca/Foundation-Isaac-Asimov/dp/0553293354/
89, https://www.amazon.ca/Hobbit-Lord-Rings-J-Tolkien/dp/0007525516/
715, https://www.amazon.ca/Orson-Scott-Card-Penetrating-Gentle/dp/1499124120/
716, https://www.amazon.ca/Alvin-Journeyman-Orson-Scott-Card/dp/1441737685/
717, https://www.amazon.ca/Neil-Gaiman-Charles-Vesss-Stardust/dp/1401287840/
718, https://www.amazon.ca/Jumper-Griffins-Story-Steven-Gould/dp/0765357852/
441, https://www.amazon.ca/Clancys-Jack-Ryan-Boxed-Books/dp/0425273083/
442, https://www.amazon.ca/Martian-Novel-Andy-Weir/dp/0553418025/
447, https://www.amazon.ca/Apex-Ramez-Naam/dp/2266285149/
450, https://www.amazon.ca/Armada-novel-author-Ready-Player/dp/0804137277/
727, https://www.amazon.ca/Fall-Dodge-Hell-Neal-Stephenson/dp/0062887467/
728, https://www.amazon.ca/Archangel-One-Evan-Currie/dp/1542004861/
729, https://www.amazon.ca/Whos-Good-Boy-Welcome-Episodes/dp/0062798111/
463, https://www.amazon.ca/Alchemyst-Michael-Scott/dp/0385733577/
744, https://www.amazon.ca/Worth-Dying-Jack-Reacher-Novel/dp/0440246296/
733, https://www.amazon.ca/Necromancer-Michael-Scott/dp/0606222448/
734, https://www.amazon.ca/Magicians-Lev-Grossman/dp/0452296293/
736, https://www.amazon.ca/Magicians-Trilogy-Boxed-Set-Magician/dp/0525427341/
464, https://www.amazon.ca/Magician-Michael-Scott/dp/0385737289/
740, https://www.amazon.ca/Pirate-Latitudes-Michael-Crichton/dp/0061929387/
742, https://www.amazon.ca/Tripwire-Lee-Child/dp/0425264394/
745, https://www.amazon.ca/Dont-Know-Jack-Hunt-Reacher/dp/1942633130/
486, https://www.amazon.ca/Affair-Jack-Reacher-Novel/dp/0385344325/
750, https://www.amazon.ca/One-Shot-Lee-Child/dp/0385336683/
741, https://www.amazon.ca/Die-Trying-Lee-Child/dp/1410429385/
759, https://www.amazon.ca/Toynbee-Convector-Ray-Bradbury/dp/1982105151/
768, https://www.amazon.ca/Call-Arms-Black-Fleet-Trilogy/dp/1514627124/
820, https://www.amazon.ca/Martin-Warrior-Brian-Jacques/dp/1862301433/
507, https://www.amazon.ca/manufacture-particularly-earliest-occasional-enlarged/dp/1171046731/
761, https://www.amazon.ca/Stephen-Kings-Dark-Tower-Beginnings/dp/1982108312/
509, https://www.amazon.ca/Artemis-Novel-Andy-Weir/dp/0553448129/
763, https://www.amazon.ca/Fall-Dodge-Hell-Neal-Stephenson/dp/0062887467/
767, https://www.amazon.ca/Christian-especially-embracing-sentiments-Trinitarian/dp/1171004435/
809, https://www.amazon.ca/Hold-Bridge-Garth-Nix/dp/0062292536/
821, https://www.amazon.ca/Doomwyte-Brian-Jacques/dp/0441017789/
770, https://www.amazon.ca/Omega-Rising-Joshua-Dalzelle/dp/1484016327/
771, https://www.amazon.ca/Omega-Force-Soldiers-Joshua-Dalzelle/dp/1484908724/
772, https://www.amazon.ca/Omega-Force-Homecoming-Joshua-Dalzelle/dp/1492807486/
773, https://www.amazon.ca/Omega-Force-Revolution-Joshua-Dalzelle/dp/1546795669/
774, https://www.amazon.ca/Human-Factor-Joshua-Dalzelle/dp/1531891330/
527, https://www.amazon.ca/Omega-Force-Return-Joshua-Dalzelle/dp/1500682896/
782, https://www.amazon.ca/Tyrants-Traitors-Joshua-McHenry-Miller/dp/0996867325/
783, https://www.amazon.ca/Omega-Force-Legends-Never-Die/dp/1717884059/
784, https://www.amazon.ca/Past-Tense-Jack-Reacher-Novel/dp/0399593519/
835, https://www.amazon.ca/Bellmaker-Brian-Jacques/dp/0613045807/
776, https://www.amazon.ca/Omega-Force-Redemption-Joshua-Dalzelle/dp/1511612142/
777, https://www.amazon.ca/Omega-Force-Phoenix-Joshua-Dalzelle/dp/1502937085/
778, https://www.amazon.ca/Omega-Force-Within-Joshua-Dalzelle/dp/1495992195/
779, https://www.amazon.ca/Destroyer-Book-Three-Expansion-Trilogy/dp/1979372225/
780, https://www.amazon.ca/Iron-Blood-Book-Expansion-Trilogy/dp/1542870356/
781, https://www.amazon.ca/New-Frontiers-Expansion-Wars-Trilogy/dp/1536985066/
807, https://www.amazon.ca/Lady-Friday-Keys-Kingdom-Book/dp/0439700884/
792, https://www.amazon.ca/Storm-World-B-V-Larson/dp/1978665121/
785, https://www.amazon.ca/Steel-World-B-V-Larson/dp/1493680552/
786, https://www.amazon.ca/Blood-World-B-V-Larson/dp/1973357127/
787, https://www.amazon.ca/Rogue-World-B-V-Larson/dp/1520888902/
788, https://www.amazon.ca/Dust-World-B-V-Larson/dp/1497591716/
789, https://www.amazon.ca/Death-World-B-V-Larson/dp/1511691395/
790, https://www.amazon.ca/Home-World-B-V-Larson/dp/1519006187/
791, https://www.amazon.ca/Machine-World-B-V-Larson/dp/1507755430/
817, https://www.amazon.ca/Lord-Brocktree-Brian-Jacques/dp/0756907942/
836, https://www.amazon.ca/Legend-Luke-Brian-Jacques/dp/0756906423/
793, https://www.amazon.ca/Dark-World-B-V-Larson/dp/1980621047/
794, https://www.amazon.ca/Storm-World- B-V-Larson/dp/1978665121/
795, https://www.amazon.ca/Call-Arms-Blood-Stars-II/dp/1946451010/
796, https://www.amazon.ca/Duel-Dark-Blood-Stars-I/dp/0692803416/
797, https://www.amazon.ca/Ruins-Empire-Blood-Stars-III/dp/1946451029/
798, https://www.amazon.ca/Career-Evil-Robert-Galbraith/dp/0316349933/
799, https://www.amazon.ca/Lethal-White-Robert-Galbraith/dp/0316422738/
818, https://www.amazon.ca/Rogue-Crew-Brian-Jacques/dp/1937007480/
819, https://www.amazon.ca/Sable-Queen-Brian-Jacques/dp/1440742537/
800, https://www.amazon.ca/Cuckoos-Calling-Robert-Galbraith/dp/0316206849/
801, https://www.amazon.ca/Keys-Kingdom-Mister-Monday/dp/1338216139/
802, https://www.amazon.ca/Grim-Tuesday-Keys-Kingdom-Book/dp/0439436559/
803, https://www.amazon.ca/Keys-Kingdom-Sir-Thursday/dp/1338240404/
804, https://www.amazon.ca/Superior-Saturday-Garth-Nix/dp/0606139915/
805, https://www.amazon.ca/Drowned-Wednesday-Keys-Kingdom-Book/dp/0439436567/
806, https://www.amazon.ca/Lord-Sunday-Garth-Nix/dp/0606153160/
810, https://www.amazon.ca/Clariel-Lost-Abhorsen-Garth-Nix/dp/0061561576/
811, https://www.amazon.ca/Angel-Mage-Garth-Nix/dp/0062683225/
812, https://www.amazon.ca/Angel-Mage-Garth-Nix/dp/0062683225/
813, https://www.amazon.ca/Troubletwisters-Book-Monster-Garth-Nix/dp/0545259045/
815, https://www.amazon.ca/Troubletwisters-Book-Missing-Sean-Williams/dp/0545259002/
816, https://www.amazon.ca/Troubletwisters-Book-Mystery-Garth-Nix/dp/0545258995/
822, https://www.amazon.ca/High-Rhulain-Brian-Jacques/dp/0399242082/
823, https://www.amazon.ca/Eulalia-Tale-Redwall-Brian-Jacques/dp/0142414956/
824, https://www.amazon.ca/Loamhedge-Tale-Redwall-Brian-Jacques/dp/0142403776/
825, https://www.amazon.ca/Triss-Brian-Jacques/dp/0441010954/
826, https://www.amazon.ca/Rakkety-Tam-Brian-Jacques/dp/0756953839/
827, https://www.amazon.ca/Marlfox-Brian-Jacques/dp/0756902959/
828, https://www.amazon.ca/Mossflower-Brian-Jacques/dp/1862301395/
829, https://www.amazon.ca/Long-Patrol-Brian-Jacques/dp/0613131991/
830, https://www.amazon.ca/Pearls-Lutra-Brian-Jacques/dp/0780786327/
831, https://www.amazon.ca/Mattimeo-Brian-Jacques/dp/0833581341/
832, https://www.amazon.ca/Redwall-Brian-Jacques/dp/1862301387/
833, https://www.amazon.ca/Salamandastron-Brian-Jacques/dp/0780742524/
834, https://www.amazon.ca/Mariel-Redwall-Brian-Jacques/dp/1862302421/
837, https://www.amazon.ca/Outcast-Redwall-Brian-Jacques/dp/0780786254/
838, https://www.amazon.ca/Goldenhand-Garth-Nix/dp/0061561606/
839, https://www.amazon.ca/Frogkisser-Garth-Nix/dp/1338052098/
840, https://www.amazon.ca/Shades-Children-Garth-Nix/dp/0060273240/